"In the context of skill acquisition, how is 'learning' defined in contrast to 'performance'?",Learning is the permanent modification of knowledge or skill that persists over time and across varied contexts.
"According to research from the Bjork Lab, what is the relationship between retrieval strength and storage strength during learning?",Conditions that maximize immediate retrieval strength often fail to support long-term storage strength.
What is the estimated rank-order stability of cognitive ability ($ho$) for a 20-year-old over a five-year interval?,$\rho = 0.76$
Which psychological traits are identified as among the most stable over the human lifespan according to longitudinal meta-analytic data?,"Fluid reasoning, working memory capacity, and processing speed."
What three levels of intelligence are differentiated within the Cattell-Horn-Carroll (CHC) model?,"General intelligence ($g$), crystallized intelligence ($Gc$), and fluid reasoning ($Gf$)."
How does the organization of strategic networks differ between experts and novices?,"Experts organize networks around underlying principles and causal schemes, while novices focus on superficial features."
What are the two primary components of metacognition necessary for autonomous learning?,Metacognitive monitoring (assessment of activity) and metacognitive control (regulation of activity).
"In the Ambrose and Lovett five-stage self-directed learning cycle, what is the primary objective of the 'Assessment' stage?",To understand the scope and demands of the learning task through requirements mapping.
What actionable mechanism is used during the 'Evaluation' stage of the self-directed learning cycle?,Self-assessment of prior knowledge and identification of skill gaps.
What is the intended objective of the 'Monitoring' stage in the self-directed learning cycle?,The real-time verification of understanding and tracking of progress.
How do metacognitive students utilize 'gap analysis' after completing a task?,They compare predicted performance with actual results and reflect on any discrepancies.
What is the function of an 'exam wrapper' in a metacognitive learning context?,It is a tool used to analyze preparation strategies and plan revisions for future performance attempts.
Define the 'illusion of knowing' as a metacognitive error.,It is a state of subjective overconfidence where one's perceived understanding exceeds objective performance.
Why is the illusion of knowing most prevalent in prospective judgments made immediately after learning?,"The information is still fresh in working memory, creating a false sense of mastery."
What strategy can autodidacts use to counteract the illusion of knowing during monitoring?,Switching to retrospective monitoring by evaluating performance after a significant delay.
"How does the format of testing (e.g., open-answer vs. multiple-choice) affect knowledge calibration?",Open-answer questions are more effective at calibrating true knowledge levels by eliminating recognition cues.
What is the defining characteristic of 'desirable difficulties' in learning science?,Tasks that require considerable effort and appear to slow short-term progress but enhance long-term performance.
Why is 'free recall' considered more effective for building storage strength than passive re-reading?,"It forces the brain to access knowledge from scratch, strengthening the neural path to that information."
"In the process of 'stepwise cueing', what is the purpose of providing partial hints?",To target medium-strength memories that require activation but are not yet accessible through free recall.
What occurs during the 'Targeted Review' phase of stepwise cueing?,The learner focuses exclusively on weak memories that were not retrieved during recall or hint phases.
How does the 'spacing effect' utilize forgetting to improve retention?,The effort required to retrieve fading information triggers deeper encoding and more durable storage.
What is the primary benefit of 'interleaving' different topics during a single study session?,It improves discriminative learning by forcing the learner to identify which strategy to apply to a specific problem.
"According to the Fitts and Posner model, what characterizes the 'Cognitive Stage' of skill acquisition?",High demand on attention and a primary focus on understanding basic rules.
"In the Fitts and Posner model, what happens to performance during the 'Autonomous Stage'?",The skill is performed with minimal conscious thought and high automaticity.
How does the Dreyfus Model describe a 'Novice' level of performance?,Performance is characterized by context-free rule following without an understanding of the overall situation.
What distinguishes an 'Expert' from a 'Competent' learner in the Dreyfus Model?,The expert has an intuitive grasp of situations and performs fluidly without reliance on rules.
Who pioneered the concept of 'Deliberate Practice' as the engine for skill acquisition?,K. Anders Ericsson.
What is the 'Zone of Proximal Development' in the context of deliberate practice?,"The area of task difficulty just beyond the learner's current reliable performance, between the comfort and panic zones."
Why is 'immediate feedback' a critical criterion for deliberate practice?,It allows the learner to perform successive refinements based on informative results of their actions.
What biological process involves oligodendrocytes wrapping axons to increase signal speed and efficiency?,Myelination.
How does the thickening of the myelin sheath affect the subjective feeling of a skill?,"It makes the execution of the skill feel more automatic, fluid, and energy-efficient."
How does Cal Newport define 'Deep Work'?,Professional activities performed in a state of distraction-free concentration that push cognitive capabilities.
What is 'Attention Residue' according to research by Sophie Leroy?,A portion of attention that remains stuck on a previous task after switching to a new one.
Approximately how long can attention residue degrade cognitive performance after a task switch?,20 minutes or more.
"In environmental design for focus, what is the purpose of 'Timeboxing'?",To remove decision fatigue by scheduling specific tasks into fixed calendar slots.
What goal is served by using 'Digital Blocking' tools like Cold Turkey in an autodidactic system?,To enforce environmental control over limited willpower by locking out distractions.
What was the first step in Benjamin Franklin's 'Spectator Method' for improving writing?,Hinting: taking notes on the sentiment of each sentence in an existing essay.
How did Benjamin Franklin use 'Delayed Reconstruction' to practice deliberate writing?,He attempted to recreate an essay from his hints several days after reading the original.
"In Franklin's method, why did he transform prose into poetry and then back into prose?",To expand his vocabulary and grasp of rhythm by being forced to find words that fit specific meters.
What was the objective of Franklin's 'Jumble Method' regarding hint cards?,To master the 'arrangement of thoughts' and structural logic by reordering cards into a logical flow.
Which specific book did Frederick Douglass use to master public speaking and neoclassical models?,The Columbian Orator.
How did Frederick Douglass's abolitionist lectures serve as 'refinement through experience'?,Years of public speaking refined his manner so thoroughly that audiences doubted his history as an enslaved person.
Which text did Srinivasa Ramanujan use to internalize the logic of number theory without formal instruction?,G.S. Carr’s Synopsis of Pure Mathematics.
What 'desirable difficulty' did Ramanujan encounter in Carr's Synopsis?,"The book contained over 6,000 theorems without providing any accompanying proofs."
How did Mary Anning contribute to evolutionary inference through empirical anatomy?,She discovered an ink sac in a belemnite fossil and concluded it functioned like those in modern squids.
In what way did Leonardo da Vinci use anatomical dissection to enhance his art?,He studied human musculature and bone structure through dissection to ensure scientific accuracy in his work.
What strategy helps prevent 'choice overload' in self-directed learning?,The Rule of 3-5: identifying only a few top priorities to minimize executive function fatigue.
Define the concept of 'Vital Information Carriers' in information ecology.,Identifying 3-4 key high-quality sources and ignoring the rest to reduce redundant noise.
What is the theoretical basis for using 'Time-Limited Gathering' when researching?,It forces the prioritization of essential data and prevents unproductive rabbit holes.
What does Phase 1 (Planning) of the professional framework for mastery involve?,Setting SMART goals and identifying the 'mental gestalt' or core concepts of a domain.
"In Phase 2 of the framework, why is information encoded using 'variability'?",To ensure knowledge is not tied to a single context by studying in different environments.
What shift characterizes Phase 3 (Effortful Reinforcement) of the mastery framework?,A shift from passive consumption of information to active production and retrieval.
What occurs in Phase 4 (Deliberate Refinement) to move toward the Expert stage?,The learner works at the frontier of their capabilities and secures immediate feedback.
"In Phase 5 (Ecological Maintenance), what is the function of a 'second brain'?","To store peripheral data, freeing the mind for higher-level reasoning and creative synthesis."
The phenomenon where experts struggle to explain basic components of a skill because the knowledge has become intuitive is the _____.,Expert blind spot
"According to cognitive science, why is 'dual-coding' used in the acquisition phase?",It utilizes multiple sensory channels to improve the robustness of knowledge encoding.
What is the primary objective of 'Adjustment' in the self-directed learning cycle?,Optimizing the learning process for efficiency based on performance data.
"According to the text, what is the ultimate goal of managing information overload with mindfulness?",To use choice as a tool for creating and inventing rather than merely reacting to stimuli.
How did Benjamin Franklin provide himself with a 'feedback loop' in his Spectator Method?,By comparing his reconstructed essay to the original to identify specific faults in vocabulary and organization.
What is the relationship between 'discriminative learning' and interleaved practice?,Interleaving teaches the learner to recognize the subtle differences between problem types and select the correct solution method.
Why is 'solitary engagement' emphasized in Ericsson's criteria for deliberate practice?,"It allows for intense concentration on specific, individualized goals without external distractions."
What strategy did Mary Anning use to communicate her findings to scientists who often excluded her?,She taught herself to prepare detailed scientific illustrations as primary evidence.
"In the CHC model, what is the name for the ability to use learned knowledge and experience?",Crystallized intelligence ($Gc$).
How does 'attention residue' specifically degrade performance on 'Task B'?,The cognitive load from the previous Task A reduces the available mental resources for the current activity.
The transition from rules-based performance to intuitive expertise is the focus of which model?,The Dreyfus Model.
What specific mechanism triggers 'deeper encoding' during spaced practice?,The mental effort required to retrieve information that is beginning to be forgotten.
What does the text suggest is the most effective form of retrieval practice?,Free recall without any external cues.
"In the self-directed learning framework, what is 'requirements mapping'?",A task analysis process to understand the specific scope and demands of a learning objective.
Why is the 'illusion of knowing' common among students with lower academic achievement?,They often lack the metacognitive monitoring skills required to accurately calibrate their level of understanding.
"In Fitts and Posner's 'Associative Stage', how does performance change?",Performance becomes more consistent as errors are identified and refined.
What is the purpose of 'Rhythmic Philosophy' in Deep Work scheduling?,"To build consistency and neural reinforcement by creating a regular, daily habit of focus."
How did Mary Anning identify biological structures in prehistoric creatures?,Through direct engagement with the physical world by unearthing and cleaning fossils like the ichthyosaur.
"In the context of deliberate practice, what is the 'panic zone'?","A level of task difficulty that is too high for the learner, preventing effective learning."
What is the function of 'Filtering and Screening' in modern information management?,To reduce the cognitive burden by immediately deleting or delegating irrelevant information.
How does the 'mental gestalt' assist an autodidact in learning a new domain?,"It links abstract ideas to meaningful anchors, providing a holistic understanding of the field."
What defines the 'Competent' level in the Dreyfus Model of skill acquisition?,"The ability to prioritize, manage complexity, and engage in hierarchical planning."
What is the primary role of 'Metacognitive Control' in autonomous learning?,The ability to adapt and regulate cognitive activity based on monitoring data.
How does 'blocked practice' differ from 'interleaving' in its effect on short-term vs. long-term performance?,"Blocked practice leads to better short-term performance during practice, but interleaving leads to superior long-term retention."
"In the stepwise cueing method, what level of memory is targeted by 'Free Recall'?","Strong, easily accessible memories."
"According to the text, why should autodidacts use 'Physical Setup' rituals for Deep Work?",To signal a state of deep focus both to others and to their own cognitive systems.
How does 'Choice' function in the management of digital communication overload?,It allows the learner to restore control over cognitive resources by being selective about data influx.
What distinguishes 'Deliberate Practice' from 'Routine Practice'?,"Deliberate practice is highly structured and focuses on specific areas for improvement, while routine practice is mindless repetition."
How does 'Metacognitive Monitoring' assist a learner in the 'Adjustment' stage of the learning cycle?,It provides the comprehension and progress data needed to modify the learning approach for efficiency.
"In the context of CHC, what is 'Fluid Reasoning' ($Gf$)?",The capacity to solve novel problems and reason logically without relying on previously learned knowledge.
How does the 'Spectator Method' utilize 'mimetic reconstruction'?,The learner rebuilds a high-quality model (the mentor text) from their own notes to internalize its structure.
Why is 'Mindfulness' considered an essential skill for the modern autodidact?,"It helps build emotional distance from the constant influx of digital data, preventing cognitive paralysis."
What is the relationship between 'storage strength' and the 'spacing effect'?,Spacing study sessions over time increases storage strength by forcing the brain to re-encode information.
"In the Fitts and Posner model, which stage is characterized by 'errors being refined'?",The Associative Stage.
Why is 'fluency' often an illusion of knowing?,The ease of processing familiar information (fluency) is mistaken for the ability to retrieve that information independently.
How did Srinivasa Ramanujan's study of Carr's Synopsis mirror modern 'Deliberate Practice'?,It forced him to work at the edge of his ability by requiring original research to prove every theorem.
What is the primary goal of the 'Planning' stage in the Five-Stage Self-Directed Learning Cycle?,"Designing a roadmap for skill acquisition, including strategy selection and time allocation."
How does the 'myelin thickening' process physically improve neural signal transmission?,"It acts as insulation, allowing electrical signals to travel faster and with less energy loss."
"In the context of cognitive architecture, what characterizes the 'expert' transition from 'novice'?",The ability to connect new information to deep underlying principles rather than superficial traits.
What is the primary objective of using 'Stepwise Cueing' in a self-directed study session?,To identify and specifically strengthen weak points in the knowledge network while maintaining strong memories.