The field of evolutionary psychology treats the human brain as a collection of _____-specific adaptations rather than a general-purpose learning device.,Domain
Which 1872 work by Charles Darwin is considered the first true text of evolutionary psychology due to its focus on universal emotional expressions?,The Expression of the Emotions in Man and Animals
Term: Instinct Blindness,Definition: The phenomenon where evolved instincts operate so seamlessly that they remain invisible to conscious awareness.
"Konrad Lorenz developed the _____ model of motivation, suggesting internal drives build up until released by environmental stimuli.",Hydraulic
"The acronym WEIRD describes research samples that are Western, Educated, Industrialized, Rich, and _____.",Democratic
The theory of _____ evolution applies Darwinian principles like variation and selection to the transmission of information between individuals.,Cultural
"The _____ Modularity Hypothesis posits that the mind is composed of a multitude of specialized modules, similar to a Swiss Army knife.",Massive
What biological process did Konrad Lorenz identify in geese to show the interaction between genetic programming and environmental input during critical periods?,Imprinting
"Edward O. Wilson’s 1975 work, Sociobiology: The New Synthesis, identified the _____ as the primary unit of selection.",Gene
The 'Poverty of the Stimulus' argument for modularity suggests that the environment lacks enough information for a _____ processor to learn complex tasks like grammar.,General-purpose
The 'Santa Barbara School' of evolutionary psychology shifted the focus from manifest behavior to evolved _____ mechanisms.,Psychological (or Mental)
The practice of analyzing a trait's adaptive function without fully understanding its neurobiological mechanism is called the '_____ gambit'.,Phenotypic
Which SSSM assumption posits that the human mind is born as an empty vessel with no pre-existing content?,The Blank Slate
"Mismatch Theory posits that modern obesity is partly caused by ancestral preferences for sugar, salt, and fats in an environment of caloric _____.",Abundance
The critique of 'pan-adaptationism' targets the belief that _____ trait of an organism must be an adaptation designed by natural selection.,Every
The Environment of Evolutionary Adaptedness (EEA) refers primarily to the conditions faced by our _____ ancestors.,Hunter-gatherer
Gould and Lewontin's 1979 paper 'The Spandrels of San Marco' attacked the '_____ Paradigm' of pan-adaptationism.,Panglossian
Luxury consumption is often analyzed in EP as a signal of resource-holding potential and _____.,Status
"What concept, discussed by William James, suggests that human instincts are numerous but often operate unconsciously?",Instinct Blindness
David Buss's 1989 cross-cultural study found that men universally place a higher premium on physical attractiveness and youth as cues to _____.,Fertility (or Reproductive Value)
Massive Modularity: The 'Error Argument' suggests modularity is necessary because different adaptive domains have _____ requirements.,Contradictory
Life History Theory typically uses a 'fast-slow' continuum to describe individual differences in _____ timing.,Reproductive
Which emotion is theorized to influence moral judgment as part of the behavioral immune system?,Disgust
"In Ellis's two-tiered model of Life History Theory, what factor serves as the foundation that constrains maturation?",Energetic stress (calories)
The SSSM assumption of _____ suggests that all behaviors and attitudes are equally learnable without biological constraints.,Equipotentiality
The evolutionary mismatch between ancestral small-scale groups and modern _____ societies is linked to rising rates of depression.,Anonymous (or Urban)
Stephen Jay Gould and Richard Lewontin used the architectural term _____ to describe biological features that are non-adaptive side effects of other changes.,Spandrels
Darwin's introduction of _____ selection explained traits like the peacock's tail that appeared counterproductive to simple survival.,Sexual
The concept that 'nurture' consists of evolved developmental programs triggered by environmental input is a core argument against the _____ model.,Standard Social Science (SSSM)
The level of analysis in Tinbergen's framework that maps the historical origins of a behavior across species lineages is called _____.,Phylogeny (Evolution)
Cross-cultural research shows that cues of intergroup conflict heighten human preferences for _____ leaders.,Dominant (or Strongman)
"According to the Santa Barbara School, the mind's modular architecture allows for '_____ and frugal' reasoning in ancestral contexts.",Fast
"According to Trivers (1972), the sex making the _____ obligatory investment in offspring is the more discriminating sex in mate choice.",Greater
"In Tinbergen’s framework, identifying the immediate physiological or neural triggers of a behavior falls under which level of analysis?",Mechanism (Causation)
A major 2026 paper by Costello and Buss argued that evolutionary psychology is scientific because its hypotheses are _____.,Testable and Falsifiable
"According to Ellis's two-tiered LHT model, ambient cues to _____ mortality promote a faster reproductive pace.",Extrinsic
"The study of evolutionary _____ behavior investigates how ancient needs, like status signaling, shape modern purchasing decisions.",Consumer
David Buss's 1989 study documented sex differences in mate preferences across how many different cultures?,37
Robert Trivers’ 1974 theory of _____ dismantled the view of the family as a purely harmonious unit by showing conflicting genetic interests.,Parent-Offspring Conflict
A 2026 meta-analysis by Fan Wei and colleagues suggests that the emotion of _____ may adaptively foster social connection and emotional repair.,Sadness
Which of Tinbergen's four levels of analysis focuses on how a behavior contributes to reproductive success and survival?,Adaptive Function (Survival Value)
"The 'behavioral immune system' is a suite of psychological adaptations, primarily the emotion of _____, designed to prevent infection.",Disgust
"The 'Dual-Mating Shift' hypothesis, which suggested women's mate preferences change during ovulation, was recently _____ by large-scale registered reports.",Disconfirmed (or Refined)
Leda Cosmides used the _____ selection task to demonstrate that humans are better at reasoning when problems involve social contracts.,Wason
"In Tinbergen’s framework, tracing how a behavior changes over an individual's lifespan is known as _____.",Ontogeny (Development)
"In the Santa Barbara framework, '_____ specificity' refers to modules only processing information relevant to a particular adaptive task.",Domain
Buss and Schmitt’s Sexual Strategies Theory (SST) argues that human mating is inherently _____.,Strategic
What methodological format requires researchers to submit hypotheses and analysis plans before data collection to prevent p-hacking?,Registered Reports
The 'Social Leverage Effect' describes how cultural institutions can transform weak _____ effects into strong incentives for cooperation.,Reputation
"Evolved Navigation Theory (ENT) predicts the 'environmental vertical illusion,' where humans overestimate _____ distances relative to horizontal ones.",Vertical
Term: Supernormal Stimuli,Definition: Modern technologies or foods that exploit and amplify ancestral cravings beyond natural levels.
"According to Parental Investment Theory, which sex becomes a limited resource over which the other sex competes?",The sex that makes the greater obligatory investment in offspring.
Tinbergen's 'Four Questions' are divided into two broad categories: _____ and Ultimate.,Proximate
"According to Robert Trivers’ 1971 paper, what mechanism allows for the evolution of cooperation among unrelated individuals?",Reciprocal Altruism
The 'Kin Altruism' hypothesis for male homosexuality was largely _____ after failing to find mnemonic or behavioral advantages for kin.,Falsified
"According to Cosmides, humans possess specialized '_____ detection' mechanisms to facilitate cooperation among non-relatives.",Cheater
Which 1992 book is considered the foundational 'manifesto' that formally defined the discipline of Evolutionary Psychology?,The Adapted Mind
The argument that a general-purpose processor would be overwhelmed by infinite response options is known as _____ explosion.,Combinatorial
What does the acronym SSSM stand for in the context of evolutionary psychology’s critique of traditional social science?,Standard Social Science Model
William D. Hamilton’s 1964 theory of _____ fitness mathematically demonstrated that altruism can evolve if it benefits genetic relatives.,Inclusive